timestamp,status,weather,frecventa_hz,tensiune_kv,curent_a,flux_intrare_mw,flux_iesire_mw,nivel_severitate
0,ON,Senin,50.0064,400.0,1265.0,506,455,1
1,ON,Senin,50.0,400.0,1262.5,505,453,0
2,ON,Senin,50.0,400.0,1230.0,492,461,0
3,ON,Senin,49.9916,400.0,1252.5,501,489,1
4,ON,Senin,50.0,400.0,1212.5,485,490,0
5,ON,Senin,50.0,400.0,1272.5,509,501,0
6,ON,Senin,50.0,400.0,1245.0,498,498,0
7,ON,Senin,50.0,400.0,1255.0,502,470,0
8,ON,Senin,50.0101,400.0,1282.5,513,455,1
9,ON,Senin,50.0,400.0,1200.0,480,488,0
10,ON,Furtuna,49.9253,400.0,1222.5,489,472,2
11,ON,Senin,49.9847,400.0,1245.0,498,467,1
12,ON,Senin,49.983,400.0,1260.0,504,490,1
13,ON,Senin,50.0,400.0,1252.5,501,459,0
14,ON,Senin,50.0,400.0,1267.5,507,504,0
15,ON,Senin,50.0123,400.0,1265.0,506,453,1
16,ON,Senin,50.0,400.0,1277.5,511,459,0
17,ON,Senin,50.0,400.0,1272.5,509,481,0
18,ON,Senin,50.0,400.0,1220.0,488,507,0
19,ON,Senin,50.0116,400.0,1260.0,504,502,1
20,ON,Tornada,49.592,350.0,1440.0,504,471,4
21,ON,Senin,50.0,400.0,1255.0,502,474,0
22,ON,Senin,50.0,400.0,1225.0,490,500,0
23,ON,Senin,50.0,400.0,1242.5,497,478,0
24,ON,Senin,50.0,400.0,1260.0,504,451,0
25,ON,Senin,50.0,400.0,1215.0,486,476,0
26,ON,Viscol,49.8675,390.0,1289.74,503,498,3
27,ON,Senin,50.0,400.0,1277.5,511,498,0
28,ON,Senin,50.0,400.0,1292.5,517,491,0
29,ON,Senin,50.0,400.0,1290.0,516,483,0
30,ON,Senin,50.0,400.0,1272.5,509,483,0
31,ON,Senin,50.0,400.0,1202.5,481,498,0
32,ON,Viscol,50.0175,390.0,1261.54,492,501,3
33,ON,Viscol,50.0467,390.0,1238.46,483,453,3
34,ON,Senin,50.0,400.0,1220.0,488,487,0
35,ON,Senin,50.0,400.0,1270.0,508,470,0
36,ON,Senin,50.0048,400.0,1285.0,514,482,1
37,ON,Senin,50.0,400.0,1285.0,514,460,0
38,ON,Senin,50.0,400.0,1252.5,501,460,0
39,ON,Senin,50.0,400.0,1255.0,502,492,0
40,ON,Tornada,50.3065,350.0,1460.0,511,471,4
41,ON,Senin,50.0,400.0,1252.5,501,502,0
42,ON,Senin,50.0072,400.0,1255.0,502,469,1
43,ON,Senin,50.0,400.0,1222.5,489,457,0
44,ON,Viscol,50.0877,390.0,1243.59,485,489,3
45,ON,Furtuna,50.0543,400.0,1205.0,482,475,2
46,ON,Senin,49.9964,400.0,1242.5,497,471,1
47,ON,Senin,50.0,400.0,1207.5,483,456,0
48,ON,Senin,49.9898,400.0,1225.0,490,460,1
49,ON,Senin,50.0,400.0,1265.0,506,450,0
50,ON,Senin,50.0,400.0,1290.0,516,482,0
51,ON,Senin,50.0108,400.0,1260.0,504,463,1
52,ON,Senin,50.0,400.0,1292.5,517,454,0
53,ON,Senin,50.0,400.0,1262.5,505,478,0
54,ON,Viscol,49.8529,390.0,1297.44,506,473,3
55,ON,Senin,50.0,400.0,1220.0,488,473,0
56,ON,Senin,50.0,400.0,1207.5,483,456,0
57,ON,Viscol,49.8621,390.0,1243.59,485,506,3
58,ON,Senin,50.0,400.0,1230.0,492,474,0
59,ON,Senin,50.0,400.0,1297.5,519,466,0
60,ON,Senin,50.0,400.0,1220.0,488,508,0
61,ON,Senin,50.0,400.0,1212.5,485,487,0
62,ON,Senin,50.0,400.0,1232.5,493,489,0
63,ON,Furtuna,50.0558,400.0,1255.0,502,467,2
64,ON,Viscol,50.0347,390.0,1305.13,509,464,3
65,ON,Senin,50.0,400.0,1217.5,487,474,0
66,ON,Viscol,50.0888,390.0,1284.62,501,462,3
67,ON,Senin,49.9897,400.0,1210.0,484,476,1
68,ON,Senin,50.0,400.0,1227.5,491,469,0
69,ON,Senin,50.0,400.0,1292.5,517,474,0
70,OFF,Inundatie,0.0,0.0,0.0,0,0,5
71,ON,Senin,50.0,400.0,1215.0,486,499,0
72,ON,Senin,50.0,400.0,1240.0,496,486,0
73,ON,Senin,50.0,400.0,1237.5,495,472,0
74,ON,Furtuna,49.9859,400.0,1225.0,490,461,2
75,ON,Furtuna,50.0735,400.0,1242.5,497,475,2
76,ON,Senin,50.0,400.0,1217.5,487,502,0
77,ON,Senin,50.0,400.0,1250.0,500,493,0
78,ON,Senin,50.0,400.0,1280.0,512,464,0
79,ON,Senin,50.0,400.0,1200.0,480,466,0
80,ON,Senin,50.0063,400.0,1267.5,507,482,1
81,ON,Senin,50.0,400.0,1280.0,512,483,0
82,ON,Senin,50.0,400.0,1230.0,492,482,0
83,ON,Viscol,49.8832,390.0,1276.92,498,499,3
84,ON,Senin,50.0,400.0,1252.5,501,472,0
85,ON,Viscol,49.8558,390.0,1253.85,489,502,3
86,ON,Senin,50.0,400.0,1227.5,491,499,0
87,ON,Senin,50.0033,400.0,1262.5,505,506,1
88,ON,Senin,50.0,400.0,1260.0,504,501,0
89,ON,Senin,50.0,400.0,1220.0,488,493,0
90,ON,Senin,50.0,400.0,1220.0,488,480,0
91,ON,Senin,50.0,400.0,1250.0,500,473,0
92,ON,Furtuna,50.0115,400.0,1262.5,505,505,2
93,ON,Senin,50.0,400.0,1200.0,480,489,0
94,ON,Senin,50.0,400.0,1260.0,504,464,0
95,ON,Viscol,50.0225,390.0,1266.67,494,488,3
96,ON,Viscol,50.0515,390.0,1276.92,498,485,3
97,ON,Senin,50.0,400.0,1280.0,512,475,0
98,ON,Senin,50.0,400.0,1262.5,505,469,0
99,ON,Senin,50.0,400.0,1250.0,500,474,0
100,ON,Senin,50.0,400.0,1265.0,506,471,0
101,ON,Senin,50.0,400.0,1252.5,501,492,0
102,ON,Senin,50.0,400.0,1202.5,481,482,0
103,ON,Viscol,50.1476,390.0,1276.92,498,463,3
104,ON,Senin,50.0,400.0,1282.5,513,489,0
105,ON,Viscol,50.1255,390.0,1287.18,502,452,3
106,ON,Senin,50.0,400.0,1292.5,517,506,0
107,ON,Senin,50.0,400.0,1230.0,492,467,0
108,ON,Senin,49.9934,400.0,1267.5,507,467,1
109,ON,Senin,49.9815,400.0,1267.5,507,492,1
110,ON,Senin,49.9954,400.0,1220.0,488,495,1
111,ON,Senin,50.0,400.0,1245.0,498,483,0
112,ON,Senin,50.0,400.0,1247.5,499,479,0
113,ON,Senin,50.0,400.0,1292.5,517,459,0
114,ON,Senin,50.0,400.0,1287.5,515,453,0
115,ON,Senin,50.0,400.0,1225.0,490,481,0
116,ON,Senin,50.0,400.0,1285.0,514,493,0
117,ON,Viscol,49.852,390.0,1241.03,484,487,3
118,OFF,Inundatie,0.0,0.0,0.0,0,0,5
119,ON,Senin,50.0,400.0,1225.0,490,464,0
120,ON,Senin,50.0,400.0,1207.5,483,476,0
121,ON,Senin,49.9821,400.0,1280.0,512,492,1
122,ON,Senin,50.0,400.0,1295.0,518,491,0
123,ON,Senin,50.0,400.0,1250.0,500,503,0
124,ON,Senin,50.0,400.0,1285.0,514,451,0
125,ON,Senin,50.0,400.0,1270.0,508,484,0
126,ON,Senin,50.0016,400.0,1240.0,496,451,1
127,ON,Furtuna,49.9477,400.0,1202.5,481,459,2
128,ON,Senin,50.0118,400.0,1260.0,504,454,1
129,ON,Senin,50.0,400.0,1202.5,481,460,0
130,ON,Senin,50.0,400.0,1265.0,506,495,0
131,ON,Viscol,50.1314,390.0,1243.59,485,454,3
132,ON,Senin,50.0,400.0,1237.5,495,473,0
133,ON,Tornada,49.9022,350.0,1402.86,491,492,4
134,ON,Viscol,50.1493,390.0,1292.31,504,457,3
135,ON,Senin,50.0,400.0,1240.0,496,466,0
136,ON,Furtuna,49.9234,400.0,1202.5,481,468,2
137,ON,Senin,50.0,400.0,1270.0,508,490,0
138,ON,Senin,50.0,400.0,1277.5,511,482,0
139,ON,Senin,50.0,400.0,1287.5,515,507,0
140,ON,Senin,50.0,400.0,1235.0,494,456,0
141,ON,Senin,50.0,400.0,1267.5,507,486,0
142,ON,Senin,50.0,400.0,1230.0,492,489,0
143,ON,Senin,50.0,400.0,1280.0,512,451,0
144,ON,Senin,50.0,400.0,1267.5,507,498,0
145,ON,Senin,50.0,400.0,1290.0,516,486,0
146,ON,Senin,50.0,400.0,1292.5,517,468,0
147,ON,Senin,49.9889,400.0,1220.0,488,506,1
148,ON,Senin,50.0,400.0,1277.5,511,491,0
149,ON,Senin,50.0,400.0,1237.5,495,481,0
150,ON,Senin,50.0,400.0,1290.0,516,474,0
151,ON,Viscol,49.8593,390.0,1246.15,486,499,3
152,ON,Senin,50.0,400.0,1217.5,487,483,0
153,ON,Senin,50.0,400.0,1257.5,503,457,0
154,ON,Senin,50.0,400.0,1217.5,487,477,0
155,ON,Senin,50.0004,400.0,1232.5,493,488,1
156,ON,Senin,50.0,400.0,1250.0,500,477,0
157,ON,Senin,50.0,400.0,1220.0,488,500,0
158,ON,Senin,50.0,400.0,1205.0,482,469,0
159,ON,Senin,50.0,400.0,1202.5,481,503,0
160,ON,Senin,50.0,400.0,1217.5,487,480,0
161,ON,Furtuna,50.0511,400.0,1210.0,484,455,2
162,ON,Senin,49.9802,400.0,1250.0,500,458,1
163,ON,Viscol,50.1389,390.0,1241.03,484,463,3
164,ON,Senin,50.0,400.0,1272.5,509,501,0
165,ON,Senin,50.0,400.0,1212.5,485,470,0
166,ON,Senin,50.0,400.0,1230.0,492,505,0
167,ON,Senin,50.0,400.0,1220.0,488,503,0
168,ON,Senin,50.0,400.0,1217.5,487,500,0
169,ON,Viscol,50.1031,390.0,1297.44,506,494,3
170,ON,Senin,50.0,400.0,1222.5,489,479,0
171,ON,Senin,50.0,400.0,1210.0,484,486,0
172,ON,Senin,50.0,400.0,1202.5,481,472,0
173,ON,Tornada,50.2952,350.0,1402.86,491,469,4
174,ON,Senin,50.0,400.0,1217.5,487,470,0
175,ON,Senin,50.0,400.0,1287.5,515,494,0
176,ON,Senin,50.0,400.0,1202.5,481,453,0
177,ON,Senin,50.0,400.0,1265.0,506,465,0
178,ON,Senin,50.0,400.0,1212.5,485,459,0
179,ON,Senin,50.0,400.0,1287.5,515,460,0
180,ON,Senin,50.0,400.0,1262.5,505,497,0
181,ON,Furtuna,50.0221,400.0,1252.5,501,482,2
182,ON,Senin,50.0,400.0,1270.0,508,495,0
183,ON,Senin,50.0,400.0,1280.0,512,489,0
184,ON,Senin,50.0,400.0,1272.5,509,471,0
185,ON,Furtuna,50.0642,400.0,1262.5,505,466,2
186,ON,Tornada,49.8726,350.0,1440.0,504,473,4
187,ON,Senin,50.0,400.0,1272.5,509,468,0
188,OFF,Inundatie,0.0,0.0,0.0,0,0,5
189,ON,Senin,50.0,400.0,1202.5,481,474,0
190,ON,Senin,50.0,400.0,1257.5,503,491,0
191,ON,Senin,49.9873,400.0,1240.0,496,476,1
192,ON,Senin,50.0,400.0,1270.0,508,454,0
193,ON,Tornada,50.0881,350.0,1425.71,499,489,4
194,ON,Senin,50.0,400.0,1247.5,499,501,0
195,ON,Senin,50.0158,400.0,1252.5,501,454,1
196,ON,Furtuna,50.0232,400.0,1275.0,510,486,2
197,ON,Senin,50.0,400.0,1255.0,502,499,0
198,ON,Senin,50.014,400.0,1222.5,489,450,1
199,ON,Furtuna,49.9477,400.0,1222.5,489,484,2
200,ON,Senin,49.9803,400.0,1287.5,515,465,1
201,ON,Senin,50.0,400.0,1217.5,487,503,0
202,ON,Senin,50.0,400.0,1280.0,512,473,0
203,ON,Senin,50.0,400.0,1270.0,508,455,0
204,ON,Senin,49.988,400.0,1200.0,480,507,1
205,ON,Senin,50.0,400.0,1207.5,483,504,0
206,ON,Senin,50.0,400.0,1275.0,510,482,0
207,ON,Senin,50.0,400.0,1257.5,503,485,0
208,ON,Senin,50.0,400.0,1297.5,519,486,0
209,ON,Viscol,49.8772,390.0,1256.41,490,475,3
210,ON,Tornada,50.4329,350.0,1471.43,515,508,4
211,ON,Senin,50.0,400.0,1255.0,502,486,0
212,ON,Senin,50.0,400.0,1290.0,516,464,0
213,ON,Senin,50.014,400.0,1215.0,486,494,1
214,ON,Senin,50.0,400.0,1202.5,481,456,0
215,ON,Senin,49.9846,400.0,1222.5,489,496,1
216,ON,Senin,49.9975,400.0,1217.5,487,463,1
217,ON,Viscol,49.9175,390.0,1269.23,495,481,3
218,ON,Senin,50.0,400.0,1232.5,493,486,0
219,ON,Furtuna,50.0542,400.0,1205.0,482,488,2
220,ON,Senin,50.0,400.0,1217.5,487,495,0
221,ON,Senin,50.0,400.0,1262.5,505,479,0
222,ON,Viscol,50.0608,390.0,1264.1,493,476,3
223,ON,Tornada,49.8918,350.0,1400.0,490,464,4
224,ON,Senin,50.0,400.0,1235.0,494,466,0
225,ON,Furtuna,49.927,400.0,1262.5,505,499,2
226,ON,Senin,50.0,400.0,1215.0,486,492,0
227,ON,Furtuna,49.995,400.0,1200.0,480,506,2
228,ON,Senin,50.0,400.0,1290.0,516,507,0
229,ON,Senin,50.0,400.0,1202.5,481,508,0
230,ON,Senin,50.0,400.0,1202.5,481,505,0
231,ON,Senin,50.0,400.0,1272.5,509,469,0
232,ON,Senin,50.0,400.0,1237.5,495,508,0
233,ON,Senin,50.0,400.0,1257.5,503,481,0
234,OFF,Inundatie,0.0,0.0,0.0,0,0,5
235,ON,Senin,50.0,400.0,1232.5,493,467,0
236,ON,Senin,50.0,400.0,1280.0,512,481,0
237,ON,Senin,50.0,400.0,1267.5,507,461,0
238,ON,Senin,50.0,400.0,1200.0,480,496,0
239,ON,Tornada,49.6822,350.0,1471.43,515,492,4
240,ON,Senin,50.0,400.0,1227.5,491,452,0
241,ON,Furtuna,50.0235,400.0,1207.5,483,452,2
242,ON,Senin,50.0,400.0,1230.0,492,472,0
243,ON,Senin,50.0,400.0,1247.5,499,505,0
244,ON,Furtuna,50.0341,400.0,1260.0,504,477,2
245,ON,Senin,50.0,400.0,1275.0,510,487,0
246,ON,Senin,50.0015,400.0,1257.5,503,488,1
247,ON,Tornada,50.0888,350.0,1397.14,489,505,4
248,ON,Furtuna,50.0659,400.0,1227.5,491,464,2
249,ON,Senin,50.0,400.0,1215.0,486,469,0
250,ON,Senin,50.0,400.0,1277.5,511,451,0
251,ON,Senin,50.0,400.0,1232.5,493,497,0
252,ON,Furtuna,49.982,400.0,1227.5,491,468,2
253,ON,Senin,50.0,400.0,1270.0,508,473,0
254,ON,Senin,50.0,400.0,1270.0,508,466,0
255,ON,Viscol,50.1005,390.0,1243.59,485,503,3
256,ON,Senin,49.9981,400.0,1235.0,494,503,1
257,ON,Senin,50.0,400.0,1232.5,493,479,0
258,ON,Senin,50.0,400.0,1200.0,480,474,0
259,ON,Senin,50.0,400.0,1272.5,509,485,0
260,ON,Senin,50.0068,400.0,1227.5,491,497,1
261,ON,Senin,50.0,400.0,1222.5,489,454,0
262,ON,Senin,49.985,400.0,1250.0,500,487,1
263,ON,Senin,50.0166,400.0,1230.0,492,463,1
264,ON,Senin,50.0,400.0,1250.0,500,488,0
265,ON,Viscol,50.0594,390.0,1246.15,486,501,3
266,ON,Senin,50.0,400.0,1290.0,516,452,0
267,ON,Senin,50.0,400.0,1285.0,514,466,0
268,ON,Senin,50.0,400.0,1295.0,518,457,0
269,ON,Senin,50.0,400.0,1297.5,519,456,0
270,ON,Senin,50.0,400.0,1292.5,517,453,0
271,ON,Senin,50.0,400.0,1247.5,499,506,0
272,ON,Senin,50.0,400.0,1295.0,518,464,0
273,ON,Senin,50.0,400.0,1230.0,492,484,0
274,ON,Senin,50.0,400.0,1295.0,518,490,0
275,ON,Senin,50.0,400.0,1250.0,500,477,0
276,ON,Viscol,49.8537,390.0,1297.44,506,500,3
277,ON,Furtuna,50.0725,400.0,1240.0,496,478,2
278,ON,Furtuna,49.9248,400.0,1292.5,517,468,2
279,ON,Furtuna,49.9741,400.0,1215.0,486,464,2
280,ON,Senin,49.9823,400.0,1277.5,511,462,1
281,ON,Senin,50.0,400.0,1235.0,494,486,0
282,ON,Furtuna,50.0517,400.0,1215.0,486,498,2
283,ON,Senin,50.0198,400.0,1212.5,485,477,1
284,ON,Tornada,49.7091,350.0,1408.57,493,475,4
285,ON,Senin,50.0,400.0,1295.0,518,451,0
286,ON,Senin,50.0,400.0,1235.0,494,467,0
287,ON,Senin,50.0,400.0,1225.0,490,461,0
288,ON,Senin,50.0,400.0,1275.0,510,506,0
289,ON,Senin,50.0,400.0,1272.5,509,492,0
290,ON,Senin,50.0,400.0,1245.0,498,492,0
291,ON,Tornada,50.1876,350.0,1431.43,501,487,4
292,ON,Senin,50.0,400.0,1240.0,496,452,0
293,ON,Senin,50.0,400.0,1277.5,511,474,0
294,OFF,Inundatie,0.0,0.0,0.0,0,0,5
295,ON,Senin,50.0,400.0,1260.0,504,500,0
296,ON,Senin,50.0,400.0,1247.5,499,501,0
297,ON,Senin,50.0,400.0,1230.0,492,488,0
298,ON,Senin,49.992,400.0,1227.5,491,457,1
299,ON,Senin,50.0,400.0,1247.5,499,481,0
300,ON,Senin,50.0,400.0,1275.0,510,473,0
301,ON,Senin,50.0,400.0,1277.5,511,484,0
302,ON,Senin,50.0,400.0,1277.5,511,490,0
303,ON,Senin,50.0,400.0,1280.0,512,458,0
304,ON,Senin,49.9948,400.0,1250.0,500,469,1
305,ON,Senin,50.0,400.0,1262.5,505,492,0
306,ON,Senin,50.0,400.0,1217.5,487,463,0
307,ON,Senin,50.0152,400.0,1290.0,516,505,1
308,ON,Tornada,50.3879,350.0,1448.57,507,504,4
309,ON,Senin,50.0,400.0,1207.5,483,461,0
310,ON,Senin,50.0,400.0,1252.5,501,482,0
311,ON,Viscol,49.9114,390.0,1256.41,490,473,3
312,ON,Senin,49.9845,400.0,1285.0,514,500,1
313,ON,Senin,50.0,400.0,1287.5,515,481,0
314,ON,Senin,50.0,400.0,1202.5,481,500,0
315,ON,Senin,50.0,400.0,1265.0,506,479,0
316,ON,Senin,50.0,400.0,1237.5,495,453,0
317,ON,Senin,50.0,400.0,1247.5,499,456,0
318,ON,Senin,50.0,400.0,1275.0,510,466,0
319,ON,Senin,50.0,400.0,1295.0,518,477,0
320,ON,Senin,50.0,400.0,1210.0,484,465,0
321,ON,Senin,50.0,400.0,1202.5,481,468,0
322,ON,Senin,50.0,400.0,1220.0,488,461,0
323,ON,Senin,50.0,400.0,1202.5,481,504,0
324,ON,Senin,50.0,400.0,1245.0,498,474,0
325,ON,Furtuna,50.0078,400.0,1205.0,482,453,2
326,ON,Senin,50.0,400.0,1232.5,493,479,0
327,ON,Furtuna,49.9725,400.0,1207.5,483,455,2
328,ON,Furtuna,50.054,400.0,1235.0,494,468,2
329,ON,Senin,50.0,400.0,1232.5,493,468,0
330,ON,Senin,50.0,400.0,1252.5,501,459,0
331,ON,Senin,50.0,400.0,1225.0,490,503,0
332,ON,Senin,50.0,400.0,1227.5,491,489,0
333,ON,Senin,49.9837,400.0,1232.5,493,473,1
334,ON,Senin,50.0,400.0,1292.5,517,494,0
335,ON,Senin,50.0,400.0,1287.5,515,498,0
336,ON,Senin,50.0,400.0,1232.5,493,504,0
337,ON,Senin,50.0,400.0,1270.0,508,479,0
338,ON,Senin,50.0,400.0,1205.0,482,467,0
339,ON,Furtuna,50.0297,400.0,1200.0,480,462,2
340,ON,Senin,50.0154,400.0,1215.0,486,488,1
341,ON,Senin,50.0198,400.0,1217.5,487,490,1
342,ON,Viscol,49.9017,390.0,1243.59,485,491,3
343,ON,Senin,50.0,400.0,1295.0,518,497,0
344,ON,Viscol,49.9535,390.0,1292.31,504,468,3
345,ON,Viscol,49.9828,390.0,1289.74,503,493,3
346,ON,Senin,49.9973,400.0,1252.5,501,481,1
347,ON,Senin,50.0,400.0,1252.5,501,502,0
348,ON,Senin,50.0,400.0,1290.0,516,491,0
349,ON,Senin,50.0,400.0,1275.0,510,479,0
350,ON,Senin,50.0,400.0,1210.0,484,477,0
351,ON,Senin,50.0,400.0,1257.5,503,463,0
352,ON,Senin,50.0,400.0,1220.0,488,472,0
353,ON,Senin,50.0,400.0,1252.5,501,509,0
354,ON,Senin,50.0,400.0,1217.5,487,488,0
355,ON,Senin,50.0,400.0,1212.5,485,489,0
356,ON,Senin,50.0,400.0,1280.0,512,509,0
357,ON,Senin,50.0,400.0,1202.5,481,467,0
358,ON,Furtuna,50.0764,400.0,1280.0,512,500,2
359,ON,Furtuna,50.007,400.0,1270.0,508,471,2
360,ON,Furtuna,49.9943,400.0,1215.0,486,502,2
361,ON,Senin,50.0,400.0,1200.0,480,487,0
362,ON,Senin,50.0,400.0,1207.5,483,490,0
363,ON,Senin,50.0,400.0,1267.5,507,477,0
364,ON,Viscol,49.9224,390.0,1292.31,504,462,3
365,ON,Senin,50.0,400.0,1200.0,480,499,0
366,ON,Senin,50.0,400.0,1297.5,519,470,0
367,ON,Senin,49.9858,400.0,1255.0,502,505,1
368,ON,Furtuna,49.983,400.0,1280.0,512,484,2
369,ON,Furtuna,50.0466,400.0,1235.0,494,506,2
370,ON,Furtuna,49.9871,400.0,1297.5,519,496,2
371,ON,Senin,50.0,400.0,1215.0,486,453,0
372,ON,Senin,50.0,400.0,1200.0,480,504,0
373,ON,Senin,50.0,400.0,1242.5,497,488,0
374,ON,Senin,50.0,400.0,1275.0,510,491,0
375,ON,Senin,50.0,400.0,1225.0,490,481,0
376,ON,Senin,50.0,400.0,1255.0,502,474,0
377,ON,Furtuna,50.0192,400.0,1205.0,482,459,2
378,ON,Senin,50.0,400.0,1282.5,513,493,0
379,ON,Senin,50.0,400.0,1207.5,483,466,0
380,ON,Senin,50.0,400.0,1217.5,487,462,0
381,ON,Senin,49.9954,400.0,1207.5,483,496,1
382,ON,Senin,50.0,400.0,1217.5,487,498,0
383,ON,Viscol,50.1399,390.0,1294.87,505,506,3
384,ON,Senin,50.0,400.0,1250.0,500,472,0
385,ON,Senin,50.0,400.0,1275.0,510,462,0
386,ON,Senin,50.0,400.0,1222.5,489,468,0
387,ON,Senin,49.9936,400.0,1282.5,513,504,1
388,ON,Senin,50.0,400.0,1282.5,513,498,0
389,ON,Senin,50.0,400.0,1240.0,496,469,0
390,OFF,Inundatie,0.0,0.0,0.0,0,0,5
391,ON,Senin,50.0,400.0,1227.5,491,497,0
392,ON,Senin,49.993,400.0,1267.5,507,496,1
393,ON,Senin,50.0109,400.0,1257.5,503,482,1
394,ON,Senin,50.0,400.0,1252.5,501,505,0
395,ON,Furtuna,50.0648,400.0,1297.5,519,492,2
396,ON,Senin,50.0,400.0,1222.5,489,464,0
397,ON,Senin,50.0,400.0,1280.0,512,478,0
398,ON,Senin,50.0,400.0,1235.0,494,457,0
399,ON,Senin,50.0017,400.0,1222.5,489,494,1
400,ON,Viscol,49.8509,390.0,1284.62,501,454,3
401,ON,Senin,50.0,400.0,1245.0,498,468,0
402,ON,Senin,50.0,400.0,1267.5,507,470,0
403,ON,Senin,50.0,400.0,1292.5,517,475,0
404,ON,Senin,50.0,400.0,1220.0,488,458,0
405,ON,Senin,50.0,400.0,1205.0,482,456,0
406,ON,Senin,50.0025,400.0,1297.5,519,479,1
407,ON,Senin,50.0021,400.0,1202.5,481,503,1
408,ON,Senin,50.0,400.0,1295.0,518,463,0
409,ON,Furtuna,49.9237,400.0,1237.5,495,464,2
410,ON,Senin,50.0,400.0,1262.5,505,451,0
411,ON,Senin,50.0,400.0,1205.0,482,476,0
412,ON,Senin,50.0,400.0,1235.0,494,464,0
413,ON,Viscol,50.1192,390.0,1282.05,500,508,3
414,ON,Senin,50.0,400.0,1237.5,495,473,0
415,ON,Senin,50.0,400.0,1287.5,515,509,0
416,ON,Senin,49.9804,400.0,1222.5,489,505,1
417,ON,Senin,50.0,400.0,1277.5,511,470,0
418,ON,Senin,50.0,400.0,1265.0,506,455,0
419,ON,Furtuna,49.9649,400.0,1290.0,516,471,2
420,ON,Senin,50.0,400.0,1235.0,494,485,0
421,ON,Senin,50.0,400.0,1242.5,497,472,0
422,ON,Senin,50.0,400.0,1295.0,518,504,0
423,ON,Senin,49.9838,400.0,1202.5,481,471,1
424,ON,Senin,50.0033,400.0,1267.5,507,505,1
425,ON,Senin,50.0065,400.0,1227.5,491,505,1
426,ON,Viscol,49.9448,390.0,1235.9,482,477,3
427,ON,Senin,50.0,400.0,1292.5,517,496,0
428,ON,Senin,50.0,400.0,1270.0,508,474,0
429,ON,Senin,50.0,400.0,1282.5,513,456,0
430,ON,Senin,50.0,400.0,1282.5,513,481,0
431,ON,Senin,50.0,400.0,1282.5,513,484,0
432,ON,Senin,50.0,400.0,1255.0,502,504,0
433,ON,Senin,50.0,400.0,1255.0,502,483,0
434,ON,Viscol,49.8622,390.0,1330.77,519,491,3
435,OFF,Inundatie,0.0,0.0,0.0,0,0,5
436,ON,Tornada,50.4394,350.0,1440.0,504,486,4
437,ON,Senin,50.0116,400.0,1235.0,494,490,1
438,ON,Viscol,49.9465,390.0,1253.85,489,450,3
439,ON,Viscol,49.9754,390.0,1305.13,509,498,3
440,ON,Senin,50.0,400.0,1210.0,484,462,0
441,ON,Furtuna,49.9671,400.0,1282.5,513,509,2
442,ON,Viscol,50.0633,390.0,1271.79,496,451,3
443,OFF,Inundatie,0.0,0.0,0.0,0,0,5
444,ON,Senin,49.9884,400.0,1252.5,501,506,1
445,ON,Senin,50.0,400.0,1235.0,494,467,0
446,ON,Senin,50.0,400.0,1285.0,514,492,0
447,ON,Senin,49.9828,400.0,1255.0,502,490,1
448,ON,Senin,50.0,400.0,1225.0,490,468,0
449,ON,Furtuna,49.9771,400.0,1272.5,509,496,2
450,ON,Senin,50.0,400.0,1232.5,493,473,0
451,ON,Senin,50.0,400.0,1242.5,497,454,0
452,ON,Viscol,50.0973,390.0,1235.9,482,484,3
453,ON,Senin,50.0,400.0,1247.5,499,484,0
454,ON,Senin,50.0,400.0,1297.5,519,476,0
455,ON,Senin,50.0,400.0,1287.5,515,483,0
456,ON,Senin,50.0,400.0,1220.0,488,456,0
457,ON,Senin,50.0,400.0,1282.5,513,490,0
458,ON,Senin,50.0,400.0,1205.0,482,458,0
459,ON,Senin,50.0,400.0,1202.5,481,470,0
460,ON,Senin,50.0,400.0,1287.5,515,492,0
461,ON,Senin,50.0,400.0,1257.5,503,485,0
462,ON,Senin,50.0,400.0,1225.0,490,450,0
463,ON,Senin,49.9906,400.0,1240.0,496,497,1
464,ON,Senin,50.0106,400.0,1285.0,514,501,1
465,ON,Senin,50.0,400.0,1260.0,504,507,0
466,ON,Furtuna,49.9485,400.0,1220.0,488,497,2
467,ON,Senin,50.0,400.0,1265.0,506,466,0
468,ON,Senin,50.0,400.0,1240.0,496,461,0
469,ON,Senin,50.0,400.0,1210.0,484,468,0
470,ON,Viscol,49.9632,390.0,1310.26,511,483,3
471,ON,Viscol,49.9928,390.0,1269.23,495,501,3
472,ON,Senin,50.0012,400.0,1252.5,501,469,1
473,ON,Senin,50.0,400.0,1285.0,514,491,0
474,ON,Senin,50.0,400.0,1200.0,480,494,0
475,ON,Senin,50.0,400.0,1270.0,508,484,0
476,ON,Tornada,49.8509,350.0,1437.14,503,455,4
477,ON,Senin,50.0,400.0,1240.0,496,494,0
478,ON,Senin,50.0,400.0,1275.0,510,495,0
479,ON,Senin,49.9877,400.0,1242.5,497,501,1
480,OFF,Inundatie,0.0,0.0,0.0,0,0,5
481,ON,Senin,50.0,400.0,1255.0,502,496,0
482,ON,Senin,50.0,400.0,1245.0,498,476,0
483,ON,Furtuna,49.9454,400.0,1250.0,500,503,2
484,ON,Tornada,50.1197,350.0,1380.0,483,458,4
485,ON,Senin,50.0,400.0,1237.5,495,468,0
486,ON,Senin,50.0104,400.0,1252.5,501,483,1
487,ON,Furtuna,50.0509,400.0,1282.5,513,478,2
488,ON,Senin,50.0,400.0,1292.5,517,473,0
489,ON,Senin,50.0,400.0,1295.0,518,485,0
490,ON,Tornada,49.9409,350.0,1394.29,488,504,4
491,ON,Furtuna,50.0056,400.0,1262.5,505,466,2
492,ON,Furtuna,50.0463,400.0,1220.0,488,455,2
493,ON,Furtuna,50.033,400.0,1212.5,485,481,2
494,ON,Furtuna,50.0276,400.0,1262.5,505,483,2
495,ON,Senin,50.0,400.0,1240.0,496,469,0
496,ON,Viscol,49.8543,390.0,1289.74,503,452,3
497,ON,Senin,50.0,400.0,1250.0,500,473,0
498,ON,Senin,50.0,400.0,1202.5,481,454,0
499,ON,Furtuna,49.9803,400.0,1227.5,491,472,2
500,ON,Senin,50.0,400.0,1250.0,500,492,0
501,ON,Senin,50.0,400.0,1297.5,519,508,0
502,ON,Senin,50.0,400.0,1202.5,481,477,0
503,ON,Viscol,50.0103,390.0,1317.95,514,471,3
504,ON,Viscol,50.0399,390.0,1269.23,495,468,3
505,ON,Furtuna,50.0119,400.0,1200.0,480,464,2
506,ON,Senin,50.0,400.0,1287.5,515,495,0
507,ON,Senin,50.0,400.0,1222.5,489,492,0
508,ON,Senin,50.0,400.0,1255.0,502,508,0
509,ON,Tornada,49.5212,350.0,1474.29,516,473,4
510,ON,Senin,49.9951,400.0,1220.0,488,467,1
511,ON,Senin,50.0,400.0,1217.5,487,501,0
512,ON,Senin,50.0,400.0,1212.5,485,488,0
513,ON,Senin,50.0,400.0,1295.0,518,471,0
514,ON,Senin,50.0,400.0,1280.0,512,467,0
515,ON,Senin,50.0,400.0,1260.0,504,488,0
516,ON,Senin,50.0,400.0,1247.5,499,485,0
517,ON,Tornada,49.7751,350.0,1457.14,510,480,4
518,ON,Senin,50.0,400.0,1260.0,504,454,0
519,ON,Senin,49.9997,400.0,1217.5,487,496,1
520,ON,Furtuna,50.0428,400.0,1290.0,516,502,2
521,ON,Senin,50.0,400.0,1225.0,490,504,0
522,ON,Viscol,49.9003,390.0,1251.28,488,493,3
523,ON,Senin,50.0,400.0,1295.0,518,477,0
524,ON,Senin,50.0173,400.0,1272.5,509,481,1
525,ON,Senin,50.0,400.0,1210.0,484,477,0
526,ON,Senin,50.0,400.0,1222.5,489,481,0
527,ON,Senin,50.0,400.0,1247.5,499,452,0
528,ON,Senin,50.0,400.0,1280.0,512,489,0
529,ON,Senin,50.0,400.0,1265.0,506,502,0
530,ON,Senin,50.0,400.0,1287.5,515,462,0
531,ON,Senin,50.0,400.0,1265.0,506,498,0
532,ON,Senin,50.0,400.0,1222.5,489,471,0
533,ON,Senin,50.0,400.0,1215.0,486,482,0
534,ON,Tornada,49.7863,350.0,1477.14,517,467,4
535,ON,Senin,50.0,400.0,1237.5,495,473,0
536,ON,Senin,50.0,400.0,1295.0,518,481,0
537,ON,Senin,50.0,400.0,1292.5,517,458,0
538,ON,Furtuna,49.9739,400.0,1217.5,487,469,2
539,ON,Senin,50.0,400.0,1277.5,511,464,0
540,OFF,Inundatie,0.0,0.0,0.0,0,0,5
541,ON,Senin,50.0,400.0,1235.0,494,470,0
542,ON,Senin,50.0,400.0,1250.0,500,490,0
543,ON,Senin,50.0083,400.0,1237.5,495,493,1
544,ON,Furtuna,50.0637,400.0,1275.0,510,505,2
545,ON,Senin,50.0,400.0,1270.0,508,464,0
546,ON,Senin,50.0,400.0,1215.0,486,463,0
547,ON,Viscol,50.0791,390.0,1243.59,485,465,3
548,ON,Senin,50.0,400.0,1272.5,509,486,0
549,ON,Senin,50.0,400.0,1247.5,499,457,0
550,ON,Senin,50.0,400.0,1252.5,501,490,0
551,ON,Senin,50.0,400.0,1232.5,493,456,0
552,ON,Senin,50.0,400.0,1207.5,483,475,0
553,ON,Senin,50.0026,400.0,1295.0,518,480,1
554,ON,Senin,50.0,400.0,1277.5,511,461,0
555,ON,Senin,50.0,400.0,1230.0,492,475,0
556,ON,Furtuna,49.9378,400.0,1200.0,480,455,2
557,ON,Senin,50.0,400.0,1220.0,488,459,0
558,ON,Senin,49.9991,400.0,1232.5,493,461,1
559,ON,Senin,50.0,400.0,1242.5,497,451,0
560,ON,Senin,50.0,400.0,1247.5,499,482,0
561,ON,Senin,50.0,400.0,1250.0,500,463,0
562,ON,Senin,50.0,400.0,1220.0,488,488,0
563,ON,Senin,50.0,400.0,1275.0,510,501,0
564,ON,Senin,50.0,400.0,1225.0,490,499,0
565,ON,Senin,50.0,400.0,1232.5,493,490,0
566,ON,Senin,50.0,400.0,1242.5,497,462,0
567,ON,Senin,50.0071,400.0,1280.0,512,457,1
568,ON,Senin,50.0,400.0,1265.0,506,486,0
569,ON,Tornada,50.1192,350.0,1380.0,483,475,4
570,ON,Senin,50.0,400.0,1275.0,510,485,0
571,ON,Senin,50.0,400.0,1222.5,489,469,0
572,ON,Senin,50.0013,400.0,1285.0,514,494,1
573,ON,Senin,50.0,400.0,1287.5,515,462,0
574,ON,Senin,50.0151,400.0,1207.5,483,489,1
575,ON,Senin,50.0,400.0,1292.5,517,478,0
576,ON,Senin,50.0016,400.0,1245.0,498,471,1
577,ON,Viscol,50.1116,390.0,1246.15,486,494,3
578,ON,Senin,50.0,400.0,1277.5,511,470,0
579,ON,Senin,50.0,400.0,1250.0,500,498,0
580,ON,Senin,50.0072,400.0,1282.5,513,499,1
581,ON,Senin,49.9897,400.0,1280.0,512,506,1
582,ON,Senin,49.985,400.0,1265.0,506,498,1
583,ON,Furtuna,49.935,400.0,1225.0,490,486,2
584,ON,Senin,50.0,400.0,1277.5,511,502,0
585,ON,Senin,49.9989,400.0,1260.0,504,500,1
586,ON,Senin,50.0,400.0,1287.5,515,492,0
587,ON,Senin,50.0,400.0,1230.0,492,478,0
588,ON,Tornada,50.146,350.0,1454.29,509,452,4
589,ON,Furtuna,50.0218,400.0,1212.5,485,494,2
590,OFF,Inundatie,0.0,0.0,0.0,0,0,5
591,ON,Senin,50.0,400.0,1267.5,507,471,0
592,ON,Senin,50.0192,400.0,1272.5,509,504,1
593,ON,Senin,50.0,400.0,1210.0,484,479,0
594,ON,Senin,50.0084,400.0,1287.5,515,473,1
595,ON,Senin,50.0,400.0,1245.0,498,467,0
596,ON,Senin,50.0,400.0,1290.0,516,491,0
597,ON,Senin,50.0,400.0,1202.5,481,494,0
598,ON,Senin,50.0,400.0,1217.5,487,505,0
599,ON,Senin,50.0,400.0,1275.0,510,477,0
600,ON,Senin,50.0,400.0,1282.5,513,474,0
601,ON,Furtuna,50.0308,400.0,1252.5,501,470,2
602,ON,Tornada,50.1486,350.0,1411.43,494,505,4
603,ON,Senin,50.0,400.0,1260.0,504,484,0
604,ON,Senin,50.0,400.0,1277.5,511,505,0
605,ON,Senin,50.0,400.0,1295.0,518,462,0
606,ON,Senin,50.0,400.0,1225.0,490,507,0
607,ON,Senin,50.0019,400.0,1222.5,489,481,1
608,ON,Senin,50.0,400.0,1262.5,505,472,0
609,ON,Senin,50.0,400.0,1295.0,518,465,0
610,ON,Senin,50.0,400.0,1240.0,496,503,0
611,ON,Senin,50.0,400.0,1232.5,493,474,0
612,ON,Senin,50.0,400.0,1277.5,511,454,0
613,ON,Senin,50.0,400.0,1282.5,513,474,0
614,ON,Senin,50.0,400.0,1207.5,483,500,0
615,ON,Senin,50.0,400.0,1235.0,494,453,0
616,ON,Senin,50.0,400.0,1202.5,481,491,0
617,ON,Furtuna,50.0118,400.0,1222.5,489,465,2
618,ON,Senin,50.0,400.0,1205.0,482,483,0
619,ON,Furtuna,49.9314,400.0,1207.5,483,486,2
620,ON,Senin,50.0,400.0,1257.5,503,461,0
621,ON,Senin,49.9957,400.0,1277.5,511,505,1
622,ON,Senin,50.0,400.0,1237.5,495,470,0
623,ON,Viscol,49.8689,390.0,1282.05,500,478,3
624,ON,Senin,50.0,400.0,1237.5,495,478,0
625,ON,Viscol,49.9076,390.0,1310.26,511,491,3
626,ON,Senin,50.0,400.0,1257.5,503,489,0
627,ON,Senin,49.9935,400.0,1267.5,507,486,1
628,ON,Senin,50.0,400.0,1282.5,513,463,0
629,ON,Senin,50.0,400.0,1247.5,499,508,0
630,ON,Senin,50.0,400.0,1230.0,492,460,0
631,ON,Senin,50.0,400.0,1262.5,505,463,0
632,ON,Senin,50.0,400.0,1232.5,493,494,0
633,ON,Tornada,49.5049,350.0,1462.86,512,483,4
634,ON,Furtuna,50.0666,400.0,1245.0,498,458,2
635,ON,Senin,49.9846,400.0,1250.0,500,475,1
636,ON,Senin,50.0,400.0,1262.5,505,475,0
637,ON,Senin,49.9814,400.0,1295.0,518,457,1
638,ON,Senin,50.0,400.0,1227.5,491,463,0
639,ON,Senin,49.9835,400.0,1282.5,513,508,1
640,ON,Senin,50.0,400.0,1207.5,483,471,0
641,ON,Senin,50.0,400.0,1202.5,481,467,0
642,ON,Senin,49.9828,400.0,1270.0,508,507,1
643,ON,Viscol,50.0306,390.0,1258.97,491,451,3
644,ON,Senin,50.0,400.0,1210.0,484,462,0
645,ON,Senin,49.9916,400.0,1237.5,495,473,1
646,ON,Senin,50.0,400.0,1282.5,513,473,0
647,ON,Senin,50.0,400.0,1212.5,485,494,0
648,ON,Senin,50.0,400.0,1275.0,510,481,0
649,ON,Tornada,49.8372,350.0,1431.43,501,488,4
650,ON,Senin,50.0,400.0,1240.0,496,470,0
651,ON,Furtuna,50.0788,400.0,1282.5,513,487,2
652,ON,Senin,50.0,400.0,1212.5,485,487,0
653,ON,Furtuna,49.9699,400.0,1210.0,484,470,2
654,ON,Senin,49.9816,400.0,1282.5,513,507,1
655,ON,Senin,50.0,400.0,1212.5,485,495,0
656,ON,Senin,50.0,400.0,1230.0,492,497,0
657,ON,Senin,50.0,400.0,1270.0,508,488,0
658,ON,Furtuna,50.0687,400.0,1272.5,509,482,2
659,ON,Senin,50.0,400.0,1200.0,480,476,0
660,ON,Tornada,50.4211,350.0,1448.57,507,480,4
661,ON,Senin,50.0,400.0,1220.0,488,472,0
662,ON,Viscol,50.0657,390.0,1248.72,487,484,3
663,ON,Senin,50.016,400.0,1280.0,512,472,1
664,ON,Senin,50.0,400.0,1250.0,500,462,0
665,ON,Tornada,50.4804,350.0,1405.71,492,482,4
666,ON,Senin,50.0,400.0,1220.0,488,509,0
667,ON,Senin,50.0,400.0,1232.5,493,460,0
668,ON,Senin,50.0,400.0,1210.0,484,501,0
669,ON,Viscol,50.1441,390.0,1235.9,482,472,3
670,ON,Furtuna,49.9622,400.0,1252.5,501,462,2
671,ON,Senin,50.0,400.0,1240.0,496,472,0
672,ON,Senin,50.0,400.0,1290.0,516,498,0
673,ON,Senin,49.9911,400.0,1277.5,511,457,1
674,ON,Viscol,50.0427,390.0,1248.72,487,497,3
675,ON,Senin,50.004,400.0,1275.0,510,494,1
676,ON,Senin,50.0,400.0,1232.5,493,468,0
677,ON,Furtuna,49.9876,400.0,1227.5,491,498,2
678,ON,Viscol,49.9266,390.0,1297.44,506,488,3
679,ON,Senin,50.0,400.0,1210.0,484,509,0
680,ON,Senin,50.0,400.0,1202.5,481,509,0
681,ON,Senin,50.0028,400.0,1290.0,516,465,1
682,ON,Viscol,49.855,390.0,1253.85,489,505,3
683,ON,Senin,50.0,400.0,1270.0,508,500,0
684,ON,Senin,50.0,400.0,1222.5,489,492,0
685,ON,Senin,49.9898,400.0,1280.0,512,471,1
686,ON,Senin,49.9813,400.0,1210.0,484,469,1
687,ON,Viscol,49.8893,390.0,1330.77,519,506,3
688,ON,Tornada,50.3134,350.0,1411.43,494,470,4
689,ON,Senin,50.0,400.0,1207.5,483,481,0
690,ON,Senin,50.0,400.0,1257.5,503,470,0
691,ON,Tornada,50.1201,350.0,1371.43,480,505,4
692,ON,Furtuna,49.9236,400.0,1260.0,504,461,2
693,ON,Senin,50.0,400.0,1217.5,487,508,0
694,ON,Senin,50.009,400.0,1215.0,486,476,1
695,ON,Furtuna,50.0015,400.0,1247.5,499,508,2
696,ON,Senin,50.0,400.0,1290.0,516,480,0
697,ON,Senin,50.0,400.0,1267.5,507,460,0
698,ON,Senin,50.0,400.0,1202.5,481,473,0
699,ON,Senin,49.9996,400.0,1215.0,486,454,1
700,ON,Furtuna,50.0077,400.0,1237.5,495,482,2
701,ON,Senin,50.0,400.0,1205.0,482,461,0
702,ON,Senin,50.0,400.0,1277.5,511,452,0
703,ON,Furtuna,50.0163,400.0,1232.5,493,495,2
704,OFF,Inundatie,0.0,0.0,0.0,0,0,5
705,ON,Senin,50.0,400.0,1212.5,485,507,0
706,ON,Senin,50.0,400.0,1207.5,483,467,0
707,ON,Senin,50.0,400.0,1235.0,494,465,0
708,ON,Senin,50.0,400.0,1282.5,513,451,0
709,ON,Senin,50.0136,400.0,1232.5,493,500,1
710,ON,Senin,50.0,400.0,1260.0,504,453,0
711,ON,Senin,50.0,400.0,1205.0,482,505,0
712,ON,Senin,50.0,400.0,1295.0,518,477,0
713,ON,Furtuna,49.9988,400.0,1220.0,488,483,2
714,ON,Senin,50.0,400.0,1282.5,513,509,0
715,ON,Senin,50.0,400.0,1265.0,506,509,0
716,ON,Furtuna,49.9416,400.0,1265.0,506,488,2
717,ON,Senin,50.0,400.0,1242.5,497,493,0
718,ON,Senin,50.0198,400.0,1242.5,497,453,1
719,ON,Senin,50.0,400.0,1267.5,507,494,0
720,ON,Senin,50.0,400.0,1287.5,515,482,0
721,ON,Senin,50.0,400.0,1230.0,492,450,0
722,ON,Senin,49.9976,400.0,1242.5,497,468,1
723,ON,Senin,50.0,400.0,1212.5,485,490,0
724,ON,Senin,49.9812,400.0,1295.0,518,480,1
725,ON,Senin,50.0,400.0,1247.5,499,472,0
726,ON,Furtuna,49.9251,400.0,1227.5,491,470,2
727,ON,Furtuna,49.9516,400.0,1222.5,489,465,2
728,ON,Furtuna,50.0208,400.0,1205.0,482,498,2
729,ON,Senin,50.0,400.0,1267.5,507,465,0
730,ON,Senin,50.0,400.0,1257.5,503,466,0
731,ON,Furtuna,50.0123,400.0,1245.0,498,485,2
732,ON,Senin,50.0,400.0,1245.0,498,475,0
733,ON,Senin,50.0,400.0,1235.0,494,477,0
734,OFF,Inundatie,0.0,0.0,0.0,0,0,5
735,ON,Senin,50.0,400.0,1290.0,516,500,0
736,ON,Furtuna,49.991,400.0,1200.0,480,501,2
737,ON,Senin,50.0,400.0,1270.0,508,496,0
738,ON,Senin,50.0,400.0,1225.0,490,483,0
739,ON,Senin,50.0,400.0,1220.0,488,450,0
740,OFF,Inundatie,0.0,0.0,0.0,0,0,5
741,ON,Tornada,49.9847,350.0,1440.0,504,470,4
742,ON,Senin,50.0,400.0,1275.0,510,467,0
743,ON,Senin,49.9912,400.0,1282.5,513,462,1
744,ON,Senin,50.0,400.0,1237.5,495,486,0
745,ON,Senin,50.0,400.0,1210.0,484,477,0
746,ON,Senin,50.0,400.0,1235.0,494,460,0
747,ON,Senin,50.0,400.0,1270.0,508,505,0
748,ON,Senin,50.0,400.0,1265.0,506,458,0
749,ON,Tornada,50.3327,350.0,1474.29,516,453,4
750,ON,Senin,50.0,400.0,1247.5,499,461,0
751,ON,Senin,50.0,400.0,1250.0,500,473,0
752,ON,Senin,50.0108,400.0,1215.0,486,478,1
753,ON,Senin,50.0,400.0,1247.5,499,469,0
754,ON,Senin,50.0,400.0,1265.0,506,483,0
755,ON,Furtuna,49.9279,400.0,1205.0,482,485,2
756,ON,Senin,50.0,400.0,1217.5,487,474,0
757,ON,Tornada,50.2854,350.0,1462.86,512,450,4
758,ON,Senin,50.0,400.0,1240.0,496,490,0
759,ON,Senin,50.0,400.0,1295.0,518,461,0
760,ON,Senin,50.0,400.0,1285.0,514,484,0
761,OFF,Inundatie,0.0,0.0,0.0,0,0,5
762,ON,Senin,49.9858,400.0,1237.5,495,462,1
763,ON,Senin,50.0,400.0,1285.0,514,465,0
764,ON,Senin,50.0,400.0,1250.0,500,453,0
765,ON,Senin,50.0,400.0,1237.5,495,453,0
766,ON,Senin,50.0,400.0,1220.0,488,464,0
767,ON,Senin,50.0,400.0,1230.0,492,459,0
768,ON,Furtuna,49.9552,400.0,1287.5,515,462,2
769,ON,Senin,50.0,400.0,1242.5,497,480,0
770,ON,Furtuna,50.0235,400.0,1242.5,497,458,2
771,ON,Senin,50.0,400.0,1270.0,508,456,0
772,ON,Senin,50.0,400.0,1277.5,511,475,0
773,ON,Senin,49.9973,400.0,1275.0,510,489,1
774,ON,Senin,50.0,400.0,1252.5,501,454,0
775,ON,Senin,50.0,400.0,1260.0,504,453,0
776,ON,Senin,50.0,400.0,1240.0,496,502,0
777,ON,Senin,50.0,400.0,1202.5,481,481,0
778,ON,Senin,50.0,400.0,1207.5,483,450,0
779,ON,Senin,50.0,400.0,1290.0,516,459,0
780,ON,Tornada,49.7261,350.0,1374.29,481,479,4
781,ON,Senin,50.0,400.0,1202.5,481,497,0
782,ON,Senin,50.0,400.0,1217.5,487,459,0
783,ON,Senin,50.0,400.0,1275.0,510,469,0
784,ON,Tornada,49.7621,350.0,1408.57,493,501,4
785,ON,Senin,50.0,400.0,1220.0,488,470,0
786,ON,Furtuna,50.0117,400.0,1267.5,507,451,2
787,ON,Senin,50.0,400.0,1230.0,492,496,0
788,ON,Viscol,50.0746,390.0,1276.92,498,493,3
789,ON,Senin,50.0,400.0,1287.5,515,473,0
790,ON,Senin,50.0,400.0,1292.5,517,473,0
791,ON,Tornada,50.0763,350.0,1460.0,511,499,4
792,ON,Senin,50.0,400.0,1285.0,514,463,0
793,ON,Tornada,49.8082,350.0,1400.0,490,501,4
794,ON,Senin,50.0,400.0,1245.0,498,496,0
795,ON,Senin,50.0,400.0,1247.5,499,491,0
796,ON,Senin,50.0,400.0,1235.0,494,481,0
797,ON,Viscol,50.1098,390.0,1246.15,486,457,3
798,ON,Senin,50.0,400.0,1232.5,493,507,0
799,ON,Senin,50.0,400.0,1295.0,518,494,0
800,ON,Senin,50.0,400.0,1232.5,493,482,0
801,ON,Senin,50.0,400.0,1227.5,491,488,0
802,ON,Senin,50.0,400.0,1275.0,510,489,0
803,ON,Senin,50.0,400.0,1232.5,493,489,0
804,ON,Senin,50.0,400.0,1252.5,501,480,0
805,ON,Furtuna,49.954,400.0,1290.0,516,503,2
806,ON,Senin,50.0,400.0,1232.5,493,502,0
807,ON,Senin,50.0,400.0,1240.0,496,460,0
808,ON,Senin,49.9907,400.0,1232.5,493,450,1
809,ON,Senin,50.0,400.0,1200.0,480,464,0
810,ON,Senin,50.0,400.0,1285.0,514,464,0
811,ON,Senin,50.0,400.0,1230.0,492,460,0
812,ON,Tornada,50.3589,350.0,1377.14,482,487,4
813,ON,Senin,50.0,400.0,1270.0,508,454,0
814,ON,Senin,50.0139,400.0,1252.5,501,506,1
815,ON,Viscol,49.9468,390.0,1287.18,502,468,3
816,ON,Senin,50.0,400.0,1242.5,497,501,0
817,ON,Senin,50.0,400.0,1220.0,488,508,0
818,ON,Senin,50.0,400.0,1265.0,506,457,0
819,ON,Senin,50.0,400.0,1222.5,489,487,0
820,ON,Senin,50.0,400.0,1232.5,493,486,0
821,ON,Senin,49.9887,400.0,1272.5,509,486,1
822,ON,Senin,50.0,400.0,1227.5,491,458,0
823,ON,Senin,50.0,400.0,1285.0,514,474,0
824,ON,Senin,50.0,400.0,1260.0,504,469,0
825,ON,Furtuna,49.9762,400.0,1242.5,497,472,2
826,ON,Tornada,50.3202,350.0,1411.43,494,491,4
827,ON,Senin,50.0,400.0,1227.5,491,507,0
828,ON,Senin,50.0,400.0,1282.5,513,493,0
829,ON,Viscol,50.0971,390.0,1241.03,484,475,3
830,ON,Senin,49.9903,400.0,1290.0,516,450,1
831,ON,Senin,50.0,400.0,1202.5,481,479,0
832,ON,Senin,50.0,400.0,1272.5,509,494,0
833,ON,Senin,50.0,400.0,1270.0,508,459,0
834,ON,Senin,50.0,400.0,1257.5,503,470,0
835,OFF,Inundatie,0.0,0.0,0.0,0,0,5
836,ON,Viscol,49.9039,390.0,1317.95,514,475,3
837,ON,Senin,50.0,400.0,1287.5,515,451,0
838,ON,Senin,50.0,400.0,1282.5,513,507,0
839,ON,Viscol,49.8556,390.0,1315.38,513,481,3
840,ON,Senin,49.9845,400.0,1277.5,511,471,1
841,ON,Tornada,50.4476,350.0,1437.14,503,499,4
842,ON,Senin,50.0,400.0,1275.0,510,471,0
843,ON,Senin,50.0,400.0,1282.5,513,505,0
844,ON,Senin,50.0,400.0,1295.0,518,498,0
845,ON,Senin,50.0,400.0,1290.0,516,473,0
846,ON,Senin,49.9908,400.0,1287.5,515,507,1
847,ON,Senin,50.0094,400.0,1290.0,516,496,1
848,ON,Senin,50.0,400.0,1217.5,487,476,0
849,ON,Senin,50.0,400.0,1210.0,484,466,0
850,ON,Senin,50.0,400.0,1245.0,498,469,0
851,ON,Senin,50.0,400.0,1277.5,511,504,0
852,ON,Senin,49.9959,400.0,1200.0,480,470,1
853,ON,Senin,50.0,400.0,1237.5,495,509,0
854,ON,Viscol,50.1372,390.0,1246.15,486,505,3
855,ON,Viscol,50.1465,390.0,1264.1,493,475,3
856,ON,Senin,50.0,400.0,1285.0,514,462,0
857,ON,Senin,50.0,400.0,1280.0,512,490,0
858,ON,Furtuna,49.949,400.0,1282.5,513,468,2
859,ON,Senin,50.0,400.0,1270.0,508,475,0
860,ON,Senin,50.0023,400.0,1260.0,504,480,1
861,ON,Senin,50.0,400.0,1297.5,519,468,0
862,ON,Senin,50.0,400.0,1287.5,515,456,0
863,ON,Senin,50.0,400.0,1240.0,496,492,0
864,ON,Senin,50.0,400.0,1255.0,502,476,0
865,ON,Senin,50.0,400.0,1245.0,498,477,0
866,ON,Senin,49.9948,400.0,1215.0,486,496,1
867,ON,Senin,50.0,400.0,1292.5,517,488,0
868,ON,Senin,50.0,400.0,1285.0,514,471,0
869,ON,Senin,50.0,400.0,1252.5,501,472,0
870,ON,Senin,50.0,400.0,1285.0,514,455,0
871,ON,Senin,50.0,400.0,1207.5,483,504,0
872,ON,Senin,50.0,400.0,1270.0,508,455,0
873,ON,Senin,50.0,400.0,1227.5,491,484,0
874,ON,Furtuna,50.0131,400.0,1260.0,504,460,2
875,ON,Senin,50.0,400.0,1265.0,506,466,0
876,ON,Senin,50.0,400.0,1200.0,480,483,0
877,ON,Senin,50.0,400.0,1250.0,500,490,0
878,ON,Senin,50.0,400.0,1270.0,508,452,0
879,ON,Senin,50.0173,400.0,1235.0,494,484,1
880,ON,Senin,50.0,400.0,1230.0,492,456,0
881,ON,Senin,50.0,400.0,1295.0,518,469,0
882,ON,Senin,49.9802,400.0,1275.0,510,499,1
883,ON,Furtuna,49.9806,400.0,1207.5,483,506,2
884,ON,Senin,50.0,400.0,1240.0,496,502,0
885,ON,Senin,50.0,400.0,1242.5,497,480,0
886,ON,Senin,50.0,400.0,1277.5,511,504,0
887,ON,Senin,50.0,400.0,1280.0,512,464,0
888,ON,Senin,49.9945,400.0,1220.0,488,485,1
889,ON,Senin,50.0,400.0,1245.0,498,462,0
890,ON,Senin,49.9938,400.0,1292.5,517,497,1
891,OFF,Inundatie,0.0,0.0,0.0,0,0,5
892,ON,Senin,50.0,400.0,1247.5,499,457,0
893,ON,Senin,50.0,400.0,1287.5,515,487,0
894,ON,Senin,50.0,400.0,1210.0,484,451,0
895,ON,Senin,50.0,400.0,1247.5,499,497,0
896,ON,Senin,50.0,400.0,1262.5,505,508,0
897,ON,Senin,50.0,400.0,1232.5,493,463,0
898,ON,Senin,50.0,400.0,1257.5,503,490,0
899,ON,Senin,50.0,400.0,1267.5,507,494,0
900,ON,Senin,50.0,400.0,1255.0,502,486,0
901,ON,Furtuna,49.9924,400.0,1270.0,508,456,2
902,ON,Senin,50.0,400.0,1290.0,516,469,0
903,ON,Senin,50.0,400.0,1222.5,489,469,0
904,ON,Senin,50.0,400.0,1212.5,485,494,0
905,ON,Furtuna,49.9311,400.0,1270.0,508,472,2
906,ON,Viscol,49.8728,390.0,1238.46,483,456,3
907,ON,Senin,50.0,400.0,1217.5,487,496,0
908,ON,Senin,50.0,400.0,1222.5,489,464,0
909,ON,Senin,50.0,400.0,1265.0,506,503,0
910,ON,Senin,50.0,400.0,1212.5,485,450,0
911,ON,Senin,50.0,400.0,1245.0,498,456,0
912,ON,Senin,50.0,400.0,1222.5,489,505,0
913,ON,Tornada,49.9461,350.0,1431.43,501,453,4
914,ON,Senin,50.0,400.0,1245.0,498,476,0
915,OFF,Inundatie,0.0,0.0,0.0,0,0,5
916,ON,Senin,49.9935,400.0,1265.0,506,488,1
917,ON,Senin,50.0,400.0,1270.0,508,508,0
918,ON,Senin,50.0,400.0,1265.0,506,479,0
919,ON,Senin,50.0,400.0,1260.0,504,492,0
920,ON,Tornada,49.9153,350.0,1391.43,487,466,4
921,ON,Tornada,50.2369,350.0,1428.57,500,470,4
922,ON,Senin,50.0,400.0,1255.0,502,451,0
923,ON,Furtuna,50.0341,400.0,1292.5,517,507,2
924,ON,Senin,50.0,400.0,1267.5,507,470,0
925,ON,Furtuna,50.0291,400.0,1262.5,505,450,2
926,ON,Senin,50.0,400.0,1235.0,494,466,0
927,ON,Senin,50.0,400.0,1200.0,480,454,0
928,ON,Senin,49.9806,400.0,1227.5,491,469,1
929,ON,Tornada,50.2242,350.0,1445.71,506,472,4
930,ON,Senin,50.0,400.0,1242.5,497,475,0
931,ON,Senin,50.0,400.0,1260.0,504,469,0
932,ON,Furtuna,50.0789,400.0,1227.5,491,473,2
933,ON,Senin,50.0,400.0,1250.0,500,469,0
934,ON,Tornada,50.335,350.0,1480.0,518,507,4
935,ON,Senin,50.0,400.0,1275.0,510,461,0
936,ON,Senin,49.994,400.0,1282.5,513,476,1
937,ON,Senin,50.0,400.0,1267.5,507,482,0
938,ON,Senin,50.0,400.0,1217.5,487,461,0
939,ON,Senin,50.0,400.0,1262.5,505,483,0
940,ON,Senin,50.0,400.0,1252.5,501,492,0
941,ON,Senin,50.0,400.0,1275.0,510,477,0
942,ON,Senin,49.987,400.0,1270.0,508,480,1
943,ON,Furtuna,49.9314,400.0,1205.0,482,470,2
944,ON,Viscol,50.045,390.0,1248.72,487,468,3
945,ON,Tornada,50.0277,350.0,1434.29,502,481,4
946,ON,Senin,50.0,400.0,1202.5,481,506,0
947,ON,Senin,50.0,400.0,1210.0,484,484,0
948,ON,Senin,50.0,400.0,1220.0,488,454,0
949,ON,Senin,50.0,400.0,1295.0,518,453,0
950,ON,Senin,50.0,400.0,1230.0,492,458,0
951,ON,Senin,50.0,400.0,1275.0,510,486,0
952,ON,Furtuna,50.0281,400.0,1212.5,485,498,2
953,ON,Tornada,49.924,350.0,1377.14,482,475,4
954,ON,Furtuna,50.0713,400.0,1260.0,504,473,2
955,ON,Senin,50.0,400.0,1292.5,517,457,0
956,ON,Senin,50.0,400.0,1257.5,503,461,0
957,ON,Senin,50.0,400.0,1245.0,498,493,0
958,ON,Senin,50.0,400.0,1282.5,513,472,0
959,ON,Furtuna,50.0458,400.0,1282.5,513,500,2
960,ON,Senin,50.0,400.0,1255.0,502,499,0
961,ON,Tornada,50.0709,350.0,1482.86,519,501,4
962,ON,Senin,50.0,400.0,1217.5,487,492,0
963,ON,Senin,50.0,400.0,1255.0,502,468,0
964,ON,Senin,49.982,400.0,1277.5,511,487,1
965,ON,Senin,50.0,400.0,1217.5,487,488,0
966,ON,Senin,50.0,400.0,1210.0,484,488,0
967,ON,Senin,50.0,400.0,1270.0,508,494,0
968,ON,Senin,50.0,400.0,1222.5,489,463,0
969,ON,Senin,50.0,400.0,1230.0,492,507,0
970,OFF,Inundatie,0.0,0.0,0.0,0,0,5
971,ON,Viscol,49.918,390.0,1302.56,508,486,3
972,ON,Viscol,49.9445,390.0,1243.59,485,495,3
973,ON,Senin,50.0,400.0,1212.5,485,498,0
974,ON,Senin,50.0,400.0,1225.0,490,497,0
975,ON,Senin,50.0,400.0,1220.0,488,455,0
976,ON,Senin,49.9879,400.0,1265.0,506,471,1
977,ON,Tornada,50.4863,350.0,1462.86,512,497,4
978,ON,Senin,49.9806,400.0,1297.5,519,468,1
979,ON,Senin,50.0,400.0,1255.0,502,486,0
980,ON,Senin,50.0,400.0,1252.5,501,473,0
981,ON,Senin,50.0,400.0,1252.5,501,477,0
982,ON,Viscol,50.1498,390.0,1287.18,502,483,3
983,ON,Senin,50.0,400.0,1247.5,499,499,0
984,ON,Senin,50.0,400.0,1297.5,519,503,0
985,ON,Senin,50.0,400.0,1220.0,488,498,0
986,ON,Senin,50.0,400.0,1277.5,511,477,0
987,ON,Senin,50.0,400.0,1212.5,485,497,0
988,ON,Senin,50.0,400.0,1212.5,485,492,0
989,ON,Senin,49.9929,400.0,1220.0,488,487,1
990,ON,Senin,50.0,400.0,1215.0,486,497,0
991,ON,Senin,50.0,400.0,1207.5,483,460,0
992,ON,Senin,50.0,400.0,1252.5,501,497,0
993,ON,Senin,50.0,400.0,1200.0,480,503,0
994,ON,Senin,49.9946,400.0,1247.5,499,467,1
995,ON,Senin,50.0,400.0,1217.5,487,474,0
996,ON,Senin,50.0,400.0,1230.0,492,506,0
997,ON,Tornada,50.0517,350.0,1437.14,503,461,4
998,ON,Senin,50.0,400.0,1217.5,487,501,0
999,ON,Senin,50.0,400.0,1232.5,493,470,0
